ProdImgUrl,Prod3DUrl,ProdTextureUrl,ProdDesc,ProdName,ProdLikes,ProdCategory
"http://50.116.3.141:5500/static/beds/bed1/bed.jpg","http://50.116.3.141:5500/static/beds/bed1/simplebed.obj","http://50.116.3.141:5500/static/beds/bed1/texturebed.png","Manufactured by Janpanese Store. Color: Brown. Simple stylish design comes in multiple color options functional and suitable for any room Material: Engineered Particleboard made from recycled materials of rubber trees, eco-friendly. Fits in your space, fits on your budget Sturdy on flat surface Some assembly required. Please see instruction Recommended maximum weight is 60 lbs. up to 42 Inch flat screen panel Product dimension:43.3(W)x13.1(D)x13.4(H) Inch","Slatted bed base",60,"Beds"
"http://50.116.3.141:5500/static/beds/bed2/doublebed.jpg","http://50.116.3.141:5500/static/beds/bed2/doublebed.obj","http://50.116.3.141:5500/static/beds/bed2/texturebed.jpg","Manufactured by Janpanese Store. Color: Brown. Simple stylish design comes in multiple color options functional and suitable for any room Material: Engineered Particleboard made from recycled materials of rubber trees, eco-friendly. Fits in your space, fits on your budget Sturdy on flat surface Some assembly required. Please see instruction Recommended maximum weight is 60 lbs. up to 42 Inch flat screen panel Product dimension:43.3(W)x13.1(D)x13.4(H) Inch","Bed Comfort Version",32,"Beds"
"http://50.116.3.141:5500/static/beds/bed3/glorybed.jpg","http://50.116.3.141:5500/static/beds/bed3/glorybed.obj","http://50.116.3.141:5500/static/beds/bed3/fabric.jpg","Manufactured by Janpanese Store. Color: Brown. Simple stylish design comes in multiple color options functional and suitable for any room Material: Engineered Particleboard made from recycled materials of rubber trees, eco-friendly. Fits in your space, fits on your budget Sturdy on flat surface Some assembly required. Please see instruction Recommended maximum weight is 60 lbs. up to 42 Inch flat screen panel Product dimension:43.3(W)x13.1(D)x13.4(H) Inch","Slatted bed base",46,"Beds"
"http://50.116.3.141:5500/static/beds/bed4/oldbed.jpg","http://50.116.3.141:5500/static/beds/bed4/oldbed.obj","http://50.116.3.141:5500/static/beds/bed4/bedtexture.png","Manufactured by Janpanese Store. Color: Brown. Simple stylish design comes in multiple color options functional and suitable for any room Material: Engineered Particleboard made from recycled materials of rubber trees, eco-friendly. Fits in your space, fits on your budget Sturdy on flat surface Some assembly required. Please see instruction Recommended maximum weight is 60 lbs. up to 42 Inch flat screen panel Product dimension:43.3(W)x13.1(D)x13.4(H) Inch","Bed Comfort Version",57,"Beds"
"http://50.116.3.141:5500/static/beds/bed5/polybed.jpg","http://50.116.3.141:5500/static/beds/bed5/polybed.obj","http://50.116.3.141:5500/static/beds/bed5/bed_texture.tga","Manufactured by Janpanese Store. Color: Brown. Simple stylish design comes in multiple color options functional and suitable for any room Material: Engineered Particleboard made from recycled materials of rubber trees, eco-friendly. Fits in your space, fits on your budget Sturdy on flat surface Some assembly required. Please see instruction Recommended maximum weight is 60 lbs. up to 42 Inch flat screen panel Product dimension:43.3(W)x13.1(D)x13.4(H) Inch","Slatted bed base",24,"Beds"
"http://50.116.3.141:5500/static/chairs/chair0/newchair.png","http://50.116.3.141:5500/static/chairs/chair0/stuhl.obj","http://50.116.3.141:5500/static/chairs/chair0/stuhl.jpg","Manufactured by Janpanese Store. Color: Brown. Simple stylish design comes in multiple color options functional and suitable for any room Material: Engineered Particleboard made from recycled materials of rubber trees, eco-friendly. Fits in your space, fits on your budget Sturdy on flat surface Some assembly required. Please see instruction Recommended maximum weight is 60 lbs. up to 42 Inch flat screen panel Product dimension:43.3(W)x13.1(D)x13.4(H) Inch","Chair frame",48,"Chairs"
"http://50.116.3.141:5500/static/chairs/chair1/chair1_image.JPG","http://50.116.3.141:5500/static/chairs/chair1/Redarmchair.obj","http://50.116.3.141:5500/static/chairs/chair1/Texture/Texture.JPG","Manufactured by Janpanese Store. Color: Brown. Simple stylish design comes in multiple color options functional and suitable for any room Material: Engineered Particleboard made from recycled materials of rubber trees, eco-friendly. Fits in your space, fits on your budget Sturdy on flat surface Some assembly required. Please see instruction Recommended maximum weight is 60 lbs. up to 42 Inch flat screen panel Product dimension:43.3(W)x13.1(D)x13.4(H) Inch","Chair cushion",26,"Chairs"
"http://50.116.3.141:5500/static/chairs/chair2/chair2_image.JPG","http://50.116.3.141:5500/static/chairs/chair2/chair2.obj","http://50.116.3.141:5500/static/chairs/chair2/Textures/FabricPlain0028_1_L.jpg","Manufactured by Janpanese Store. Color: Brown. Simple stylish design comes in multiple color options functional and suitable for any room Material: Engineered Particleboard made from recycled materials of rubber trees, eco-friendly. Fits in your space, fits on your budget Sturdy on flat surface Some assembly required. Please see instruction Recommended maximum weight is 60 lbs. up to 42 Inch flat screen panel Product dimension:43.3(W)x13.1(D)x13.4(H) Inch","Poang stool",26,"Chairs"
"http://50.116.3.141:5500/static/chairs/chair3/chair3_image.JPG","http://50.116.3.141:5500/static/chairs/chair3/chair3.obj","http://50.116.3.141:5500/static/chairs/chair3/Textures/FabricNormal.png","Manufactured by Janpanese Store. Color: Brown. Simple stylish design comes in multiple color options functional and suitable for any room Material: Engineered Particleboard made from recycled materials of rubber trees, eco-friendly. Fits in your space, fits on your budget Sturdy on flat surface Some assembly required. Please see instruction Recommended maximum weight is 60 lbs. up to 42 Inch flat screen panel Product dimension:43.3(W)x13.1(D)x13.4(H) Inch","Chair frame",98,"Chairs"
"http://50.116.3.141:5500/static/chairs/chair4/chair4_image.JPG","http://50.116.3.141:5500/static/chairs/chair4/chair4.obj","http://50.116.3.141:5500/static/chairs/chair4/Texture/049.jpg","Manufactured by Janpanese Store. Color: Brown. Simple stylish design comes in multiple color options functional and suitable for any room Material: Engineered Particleboard made from recycled materials of rubber trees, eco-friendly. Fits in your space, fits on your budget Sturdy on flat surface Some assembly required. Please see instruction Recommended maximum weight is 60 lbs. up to 42 Inch flat screen panel Product dimension:43.3(W)x13.1(D)x13.4(H) Inch","Chair cushion",46,"Chairs"
"http://50.116.3.141:5500/static/chairs/chair5/chair5_image.JPG","http://50.116.3.141:5500/static/chairs/chair5/Chair.obj","http://50.116.3.141:5500/static/chairs/chair5/Texture/chairTexture.tga","Manufactured by Janpanese Store. Color: Brown. Simple stylish design comes in multiple color options functional and suitable for any room Material: Engineered Particleboard made from recycled materials of rubber trees, eco-friendly. Fits in your space, fits on your budget Sturdy on flat surface Some assembly required. Please see instruction Recommended maximum weight is 60 lbs. up to 42 Inch flat screen panel Product dimension:43.3(W)x13.1(D)x13.4(H) Inch","Poang stool",73,"Chairs"
"http://50.116.3.141:5500/static/chairs/chair6/chair6_image.JPG","http://50.116.3.141:5500/static/chairs/chair6/chair6.obj","","Manufactured by Janpanese Store. Color: Brown. Simple stylish design comes in multiple color options functional and suitable for any room Material: Engineered Particleboard made from recycled materials of rubber trees, eco-friendly. Fits in your space, fits on your budget Sturdy on flat surface Some assembly required. Please see instruction Recommended maximum weight is 60 lbs. up to 42 Inch flat screen panel Product dimension:43.3(W)x13.1(D)x13.4(H) Inch","Chair frame",92,"Chairs"
"http://50.116.3.141:5500/static/chairs/chair7/chair7_image.JPG","http://50.116.3.141:5500/static/chairs/chair7/chair7.obj","http://50.116.3.141:5500/static/chairs/chair7/Textures/chair_seat.tga","Manufactured by Janpanese Store. Color: Brown. Simple stylish design comes in multiple color options functional and suitable for any room Material: Engineered Particleboard made from recycled materials of rubber trees, eco-friendly. Fits in your space, fits on your budget Sturdy on flat surface Some assembly required. Please see instruction Recommended maximum weight is 60 lbs. up to 42 Inch flat screen panel Product dimension:43.3(W)x13.1(D)x13.4(H) Inch","Chair cushion",63,"Chairs"
"http://50.116.3.141:5500/static/lamps/lamp1/lightlamp.jpg","http://50.116.3.141:5500/static/lamps/lamp1/lightlamp.obj","http://50.116.3.141:5500/static/lamps/lamp1/lamp1texture.jpg","Manufactured by Janpanese Store. Color: Brown. Simple stylish design comes in multiple color options functional and suitable for any room Material: Engineered Particleboard made from recycled materials of rubber trees, eco-friendly. Fits in your space, fits on your budget Sturdy on flat surface Some assembly required. Please see instruction Recommended maximum weight is 60 lbs. up to 42 Inch flat screen panel Product dimension:43.3(W)x13.1(D)x13.4(H) Inch","Lamp Fusion N",37,"Lamps"
"http://50.116.3.141:5500/static/lamps/lamp2/desklamp.jpg","http://50.116.3.141:5500/static/lamps/lamp2/desklamp.obj","http://50.116.3.141:5500/static/lamps/lamp2/desktexture.jpg","Manufactured by Janpanese Store. Color: Brown. Simple stylish design comes in multiple color options functional and suitable for any room Material: Engineered Particleboard made from recycled materials of rubber trees, eco-friendly. Fits in your space, fits on your budget Sturdy on flat surface Some assembly required. Please see instruction Recommended maximum weight is 60 lbs. up to 42 Inch flat screen panel Product dimension:43.3(W)x13.1(D)x13.4(H) Inch","Facets Lamp L",74,"Lamps"
"http://50.116.3.141:5500/static/lamps/lamp3/lamppost.jpg","http://50.116.3.141:5500/static/lamps/lamp3/desklamp.obj","","Manufactured by Janpanese Store. Color: Brown. Simple stylish design comes in multiple color options functional and suitable for any room Material: Engineered Particleboard made from recycled materials of rubber trees, eco-friendly. Fits in your space, fits on your budget Sturdy on flat surface Some assembly required. Please see instruction Recommended maximum weight is 60 lbs. up to 42 Inch flat screen panel Product dimension:43.3(W)x13.1(D)x13.4(H) Inch","Exotica Lighten X",69,"Lamps"
"http://50.116.3.141:5500/static/lamps/lamp4/ceilinglamp.jpg","http://50.116.3.141:5500/static/lamps/lamp4/ceilinglamp.obj","","Manufactured by Janpanese Store. Color: Brown. Simple stylish design comes in multiple color options functional and suitable for any room Material: Engineered Particleboard made from recycled materials of rubber trees, eco-friendly. Fits in your space, fits on your budget Sturdy on flat surface Some assembly required. Please see instruction Recommended maximum weight is 60 lbs. up to 42 Inch flat screen panel Product dimension:43.3(W)x13.1(D)x13.4(H) Inch","Facets Lamp L",47,"Lamps"
"http://50.116.3.141:5500/static/patiobenches/bench1/newbench.JPG","http://50.116.3.141:5500/static/patiobenches/bench1/newbench.obj","http://50.116.3.141:5500/static/patiobenches/bench1/NutCherry2.jpg","Manufactured by Janpanese Store. Color: Brown. Simple stylish design comes in multiple color options functional and suitable for any room Material: Engineered Particleboard made from recycled materials of rubber trees, eco-friendly. Fits in your space, fits on your budget Sturdy on flat surface Some assembly required. Please see instruction Recommended maximum weight is 60 lbs. up to 42 Inch flat screen panel Product dimension:43.3(W)x13.1(D)x13.4(H) Inch","Acrylic stain",56,"Patio Benches"
"http://50.116.3.141:5500/static/patiobenches/bench2/wickerbench.jpg","http://50.116.3.141:5500/static/patiobenches/bench2/wickerbench.obj","http://50.116.3.141:5500/static/patiobenches/bench2/wickertexture.jpg","Manufactured by Janpanese Store. Color: Brown. Simple stylish design comes in multiple color options functional and suitable for any room Material: Engineered Particleboard made from recycled materials of rubber trees, eco-friendly. Fits in your space, fits on your budget Sturdy on flat surface Some assembly required. Please see instruction Recommended maximum weight is 60 lbs. up to 42 Inch flat screen panel Product dimension:43.3(W)x13.1(D)x13.4(H) Inch","Solid acacia wood",29,"Patio Benches"
"http://50.116.3.141:5500/static/patiobenches/bench3/oldbench.jpg","http://50.116.3.141:5500/static/patiobenches/bench3/oldbench.obj","http://50.116.3.141:5500/static/patiobenches/bench3/oldtexture.png","Manufactured by Janpanese Store. Color: Brown. Simple stylish design comes in multiple color options functional and suitable for any room Material: Engineered Particleboard made from recycled materials of rubber trees, eco-friendly. Fits in your space, fits on your budget Sturdy on flat surface Some assembly required. Please see instruction Recommended maximum weight is 60 lbs. up to 42 Inch flat screen panel Product dimension:43.3(W)x13.1(D)x13.4(H) Inch","Acrylic stain",27,"Patio Benches"
"http://50.116.3.141:5500/static/patiobenches/bench4/parkbench.jpg","http://50.116.3.141:5500/static/patiobenches/bench4/parkbench.obj","","Manufactured by Janpanese Store. Color: Brown. Simple stylish design comes in multiple color options functional and suitable for any room Material: Engineered Particleboard made from recycled materials of rubber trees, eco-friendly. Fits in your space, fits on your budget Sturdy on flat surface Some assembly required. Please see instruction Recommended maximum weight is 60 lbs. up to 42 Inch flat screen panel Product dimension:43.3(W)x13.1(D)x13.4(H) Inch","Solid acacia wood",90,"Patio Benches"
"http://50.116.3.141:5500/static/patiochairs/pchair1/patiochair.jpg","http://50.116.3.141:5500/static/patiochairs/pchair1/pchair.obj","http://50.116.3.141:5500/static/patiochairs/pchair1/patiotexture.jpg","Manufactured by Janpanese Store. Color: Brown. Simple stylish design comes in multiple color options functional and suitable for any room Material: Engineered Particleboard made from recycled materials of rubber trees, eco-friendly. Fits in your space, fits on your budget Sturdy on flat surface Some assembly required. Please see instruction Recommended maximum weight is 60 lbs. up to 42 Inch flat screen panel Product dimension:43.3(W)x13.1(D)x13.4(H) Inch","Chair 4 Patio X",73,"Patio Chairs"
"http://50.116.3.141:5500/static/patiochairs/pchair2/cafechhair.jpg","http://50.116.3.141:5500/static/patiochairs/pchair2/cafechair.obj","","Manufactured by Janpanese Store. Color: Brown. Simple stylish design comes in multiple color options functional and suitable for any room Material: Engineered Particleboard made from recycled materials of rubber trees, eco-friendly. Fits in your space, fits on your budget Sturdy on flat surface Some assembly required. Please see instruction Recommended maximum weight is 60 lbs. up to 42 Inch flat screen panel Product dimension:43.3(W)x13.1(D)x13.4(H) Inch","E Moto Patio Merge",48,"Patio Chairs"
"http://50.116.3.141:5500/static/patiochairs/pchair3/coolchair.jpg","http://50.116.3.141:5500/static/patiochairs/pchair3/coolchair.obj","","Manufactured by Janpanese Store. Color: Brown. Simple stylish design comes in multiple color options functional and suitable for any room Material: Engineered Particleboard made from recycled materials of rubber trees, eco-friendly. Fits in your space, fits on your budget Sturdy on flat surface Some assembly required. Please see instruction Recommended maximum weight is 60 lbs. up to 42 Inch flat screen panel Product dimension:43.3(W)x13.1(D)x13.4(H) Inch","Global Wave Furniture L",38,"Patio Chairs"
"http://50.116.3.141:5500/static/patiochairs/pchair4/bagchair.jpg","http://50.116.3.141:5500/static/patiochairs/pchair4/bagchair.obj","http://50.116.3.141:5500/static/patiochairs/pchair4/bagtexture.jpg","Manufactured by Janpanese Store. Color: Brown. Simple stylish design comes in multiple color options functional and suitable for any room Material: Engineered Particleboard made from recycled materials of rubber trees, eco-friendly. Fits in your space, fits on your budget Sturdy on flat surface Some assembly required. Please see instruction Recommended maximum weight is 60 lbs. up to 42 Inch flat screen panel Product dimension:43.3(W)x13.1(D)x13.4(H) Inch","Exclusiv Patio Extreme",92,"Patio Chairs"
"http://50.116.3.141:5500/static/sofas/sofa1/sofa1_image.JPG","http://50.116.3.141:5500/static/sofas/sofa1/sofa1.obj","http://50.116.3.141:5500/static/sofas/sofa1/Texture/sillon_dif02.png","Manufactured by Janpanese Store. Color: Brown. Simple stylish design comes in multiple color options functional and suitable for any room Material: Engineered Particleboard made from recycled materials of rubber trees, eco-friendly. Fits in your space, fits on your budget Sturdy on flat surface Some assembly required. Please see instruction Recommended maximum weight is 60 lbs. up to 42 Inch flat screen panel Product dimension:43.3(W)x13.1(D)x13.4(H) Inch","Armrest frame",59,"Sofas"
"http://50.116.3.141:5500/static/sofas/sofa2/newsofa.jpg","http://50.116.3.141:5500/static/sofas/sofa2/newsofa.obj","","Manufactured by Janpanese Store. Color: Brown. Simple stylish design comes in multiple color options functional and suitable for any room Material: Engineered Particleboard made from recycled materials of rubber trees, eco-friendly. Fits in your space, fits on your budget Sturdy on flat surface Some assembly required. Please see instruction Recommended maximum weight is 60 lbs. up to 42 Inch flat screen panel Product dimension:43.3(W)x13.1(D)x13.4(H) Inch","Sofa frame",99,"Sofas"
"http://50.116.3.141:5500/static/sofas/sofa3/sofa3_image.JPG","http://50.116.3.141:5500/static/sofas/sofa3/sofa_3.obj","","Manufactured by Janpanese Store. Color: Brown. Simple stylish design comes in multiple color options functional and suitable for any room Material: Engineered Particleboard made from recycled materials of rubber trees, eco-friendly. Fits in your space, fits on your budget Sturdy on flat surface Some assembly required. Please see instruction Recommended maximum weight is 60 lbs. up to 42 Inch flat screen panel Product dimension:43.3(W)x13.1(D)x13.4(H) Inch","Soderhamn seating series",67,"Sofas"
"http://50.116.3.141:5500/static/sofas/sofa4/sofa4_image.JPG","http://50.116.3.141:5500/static/sofas/sofa4/sofa4.obj","http://50.116.3.141:5500/static/sofas/sofa4/texture/049.jpg","Manufactured by Janpanese Store. Color: Brown. Simple stylish design comes in multiple color options functional and suitable for any room Material: Engineered Particleboard made from recycled materials of rubber trees, eco-friendly. Fits in your space, fits on your budget Sturdy on flat surface Some assembly required. Please see instruction Recommended maximum weight is 60 lbs. up to 42 Inch flat screen panel Product dimension:43.3(W)x13.1(D)x13.4(H) Inch","Armrest frame",49,"Sofas"
"http://50.116.3.141:5500/static/sofas/sofa5/coolsofa.jpg","http://50.116.3.141:5500/static/sofas/sofa5/coolsofa.obj","http://50.116.3.141:5500/static/sofas/sofa5/sofatexture.jpg","Manufactured by Janpanese Store. Color: Brown. Simple stylish design comes in multiple color options functional and suitable for any room Material: Engineered Particleboard made from recycled materials of rubber trees, eco-friendly. Fits in your space, fits on your budget Sturdy on flat surface Some assembly required. Please see instruction Recommended maximum weight is 60 lbs. up to 42 Inch flat screen panel Product dimension:43.3(W)x13.1(D)x13.4(H) Inch","Soderhamn seating series",68,"Sofas"
"http://50.116.3.141:5500/static/sofas/sofa6/twosofa.jpg","http://50.116.3.141:5500/static/sofas/sofa6/twosofa.obj","","Manufactured by Janpanese Store. Color: Brown. Simple stylish design comes in multiple color options functional and suitable for any room Material: Engineered Particleboard made from recycled materials of rubber trees, eco-friendly. Fits in your space, fits on your budget Sturdy on flat surface Some assembly required. Please see instruction Recommended maximum weight is 60 lbs. up to 42 Inch flat screen panel Product dimension:43.3(W)x13.1(D)x13.4(H) Inch","Sofa frame",90,"Sofas"
"http://50.116.3.141:5500/static/tables/table1/cafetable.jpg","http://50.116.3.141:5500/static/tables/table1/smalltable.obj","http://50.116.3.141:5500/static/tables/table1/texture1.png","Manufactured by Janpanese Store. Color: Brown. Simple stylish design comes in multiple color options functional and suitable for any room Material: Engineered Particleboard made from recycled materials of rubber trees, eco-friendly. Fits in your space, fits on your budget Sturdy on flat surface Some assembly required. Please see instruction Recommended maximum weight is 60 lbs. up to 42 Inch flat screen panel Product dimension:43.3(W)x13.1(D)x13.4(H) Inch","Home Table Scene N1",39,"Tables"
"http://50.116.3.141:5500/static/tables/table2/roundtable343.jpg","http://50.116.3.141:5500/static/tables/table2/smallroundcoffeetable.obj","http://50.116.3.141:5500/static/tables/table2/noise3.jpg","Manufactured by Janpanese Store. Color: Brown. Simple stylish design comes in multiple color options functional and suitable for any room Material: Engineered Particleboard made from recycled materials of rubber trees, eco-friendly. Fits in your space, fits on your budget Sturdy on flat surface Some assembly required. Please see instruction Recommended maximum weight is 60 lbs. up to 42 Inch flat screen panel Product dimension:43.3(W)x13.1(D)x13.4(H) Inch","Table theatre",59,"Tables"
"http://50.116.3.141:5500/static/tables/table3/tablewood.jpg","http://50.116.3.141:5500/static/tables/table3/tablewood.obj","http://50.116.3.141:5500/static/tables/table3/noise3.jpg","Manufactured by Janpanese Store. Color: Brown. Simple stylish design comes in multiple color options functional and suitable for any room Material: Engineered Particleboard made from recycled materials of rubber trees, eco-friendly. Fits in your space, fits on your budget Sturdy on flat surface Some assembly required. Please see instruction Recommended maximum weight is 60 lbs. up to 42 Inch flat screen panel Product dimension:43.3(W)x13.1(D)x13.4(H) Inch","Hall Glow Table N",29,"Tables"
"http://50.116.3.141:5500/static/tables/table4/kitchentable122.jpg","http://50.116.3.141:5500/static/tables/table4/kitchentable.obj","http://50.116.3.141:5500/static/tables/table4/049_2.jpg","Manufactured by Janpanese Store. Color: Brown. Simple stylish design comes in multiple color options functional and suitable for any room Material: Engineered Particleboard made from recycled materials of rubber trees, eco-friendly. Fits in your space, fits on your budget Sturdy on flat surface Some assembly required. Please see instruction Recommended maximum weight is 60 lbs. up to 42 Inch flat screen panel Product dimension:43.3(W)x13.1(D)x13.4(H) Inch","Home Table Scene N1",60,"Tables"
"http://50.116.3.141:5500/static/tables/table5/bartable.png","http://50.116.3.141:5500/static/tables/table5/bartable.obj","http://50.116.3.141:5500/static/tables/table5/BAR00601.jpg","Manufactured by Janpanese Store. Color: Brown. Simple stylish design comes in multiple color options functional and suitable for any room Material: Engineered Particleboard made from recycled materials of rubber trees, eco-friendly. Fits in your space, fits on your budget Sturdy on flat surface Some assembly required. Please see instruction Recommended maximum weight is 60 lbs. up to 42 Inch flat screen panel Product dimension:43.3(W)x13.1(D)x13.4(H) Inch","Table theatre",89,"Tables"
"http://50.116.3.141:5500/static/tvstands/stand1/tvstand.jpg","http://50.116.3.141:5500/static/tvstands/stand1/tvstand.obj","","Manufactured by Janpanese Store. Color: Brown. Simple stylish design comes in multiple color options functional and suitable for any room Material: Engineered Particleboard made from recycled materials of rubber trees, eco-friendly. Fits in your space, fits on your budget Sturdy on flat surface Some assembly required. Please see instruction Recommended maximum weight is 60 lbs. up to 42 Inch flat screen panel Product dimension:43.3(W)x13.1(D)x13.4(H) Inch","Drawer front",47,"T V Stands"
"http://50.116.3.141:5500/static/tvstands/stand2/tvcabinet.jpg","http://50.116.3.141:5500/static/tvstands/stand2/tvcabinet.obj","http://50.116.3.141:5500/static/tvstands/stand2/Textures/TanWood.jpg","Manufactured by Janpanese Store. Color: Brown. Simple stylish design comes in multiple color options functional and suitable for any room Material: Engineered Particleboard made from recycled materials of rubber trees, eco-friendly. Fits in your space, fits on your budget Sturdy on flat surface Some assembly required. Please see instruction Recommended maximum weight is 60 lbs. up to 42 Inch flat screen panel Product dimension:43.3(W)x13.1(D)x13.4(H) Inch","ABS plastic",59,"T V Stands"
"http://50.116.3.141:5500/static/tvstands/stand3/cabinet.jpg","http://50.116.3.141:5500/static/tvstands/stand3/cabinet.obj","http://50.116.3.141:5500/static/tvstands/stand3/cabinettexture.jpg","Manufactured by Janpanese Store. Color: Brown. Simple stylish design comes in multiple color options functional and suitable for any room Material: Engineered Particleboard made from recycled materials of rubber trees, eco-friendly. Fits in your space, fits on your budget Sturdy on flat surface Some assembly required. Please see instruction Recommended maximum weight is 60 lbs. up to 42 Inch flat screen panel Product dimension:43.3(W)x13.1(D)x13.4(H) Inch","Drawer front",30,"T V Stands"
"http://50.116.3.141:5500/static/tvstands/stand4/smallstand.jpg","http://50.116.3.141:5500/static/tvstands/stand4/smallstand.obj","http://50.116.3.141:5500/static/tvstands/stand4/smalltexture.png","Manufactured by Janpanese Store. Color: Brown. Simple stylish design comes in multiple color options functional and suitable for any room Material: Engineered Particleboard made from recycled materials of rubber trees, eco-friendly. Fits in your space, fits on your budget Sturdy on flat surface Some assembly required. Please see instruction Recommended maximum weight is 60 lbs. up to 42 Inch flat screen panel Product dimension:43.3(W)x13.1(D)x13.4(H) Inch","ABS plastic",29,"T V Stands"
"http://50.116.3.141:5500/static/tvstands/stand5/stand.jpg","http://50.116.3.141:5500/static/tvstands/stand5/stand1.obj","http://50.116.3.141:5500/static/tvstands/stand5/stand1texture.jpg","Manufactured by Janpanese Store. Color: Brown. Simple stylish design comes in multiple color options functional and suitable for any room Material: Engineered Particleboard made from recycled materials of rubber trees, eco-friendly. Fits in your space, fits on your budget Sturdy on flat surface Some assembly required. Please see instruction Recommended maximum weight is 60 lbs. up to 42 Inch flat screen panel Product dimension:43.3(W)x13.1(D)x13.4(H) Inch","Drawer front",79,"T V Stands"
"http://50.116.3.141:5500/static/vases/vase1/newvase.jpg","http://50.116.3.141:5500/static/vases/vase1/newvase.obj","http://50.116.3.141:5500/static/vases/vase1/vasetexture.jpg","Manufactured by Janpanese Store. Color: Brown. Simple stylish design comes in multiple color options functional and suitable for any room Material: Engineered Particleboard made from recycled materials of rubber trees, eco-friendly. Fits in your space, fits on your budget Sturdy on flat surface Some assembly required. Please see instruction Recommended maximum weight is 60 lbs. up to 42 Inch flat screen panel Product dimension:43.3(W)x13.1(D)x13.4(H) Inch","Peeled rattan",57,"Vases"
"http://50.116.3.141:5500/static/vases/vase2/newvase.jpg","http://50.116.3.141:5500/static/vases/vase2/newvase.obj","http://50.116.3.141:5500/static/vases/vase2/simpletexture.jpg","Manufactured by Janpanese Store. Color: Brown. Simple stylish design comes in multiple color options functional and suitable for any room Material: Engineered Particleboard made from recycled materials of rubber trees, eco-friendly. Fits in your space, fits on your budget Sturdy on flat surface Some assembly required. Please see instruction Recommended maximum weight is 60 lbs. up to 42 Inch flat screen panel Product dimension:43.3(W)x13.1(D)x13.4(H) Inch","Vase Beauty H",78,"Vases"
"http://50.116.3.141:5500/static/vases/vase3/glassvase.jpg","http://50.116.3.141:5500/static/vases/vase3/glassvase.obj","","Manufactured by Janpanese Store. Color: Brown. Simple stylish design comes in multiple color options functional and suitable for any room Material: Engineered Particleboard made from recycled materials of rubber trees, eco-friendly. Fits in your space, fits on your budget Sturdy on flat surface Some assembly required. Please see instruction Recommended maximum weight is 60 lbs. up to 42 Inch flat screen panel Product dimension:43.3(W)x13.1(D)x13.4(H) Inch","Peeled rattan",91,"Vases"
"http://50.116.3.141:5500/static/vases/vase4/lavavase.jpg","http://50.116.3.141:5500/static/vases/vase4/lavavase.obj","http://50.116.3.141:5500/static/vases/vase4/lavatexture.jpg","Manufactured by Janpanese Store. Color: Brown. Simple stylish design comes in multiple color options functional and suitable for any room Material: Engineered Particleboard made from recycled materials of rubber trees, eco-friendly. Fits in your space, fits on your budget Sturdy on flat surface Some assembly required. Please see instruction Recommended maximum weight is 60 lbs. up to 42 Inch flat screen panel Product dimension:43.3(W)x13.1(D)x13.4(H) Inch","Vase Beauty M",47,"Vases"
